rsu,time
RSU_2,223.3688200000006
RSU_3,234.20950799999991
RSU_1,221.07930600000054
RSU_0,219.85039000000052
RSU_4,220.478067
RSU_5,215.0468520000004
