rsu,time
RSU_2,226.31949499999996
RSU_3,220.78737100000012
RSU_1,211.89443300000016
RSU_0,213.4710359999999
RSU_4,214.30867999999964
RSU_5,214.9062140000001
