rsu,time
RSU_2,213.6582580000004
RSU_3,210.41528500000004
RSU_1,216.421832
RSU_0,244.6489959999999
RSU_4,248.37519500000053
RSU_5,250.55900999999994
