rsu,time
RSU_2,218.06872300000032
RSU_3,218.46747499999947
RSU_1,218.56328499999927
RSU_0,216.27092399999947
RSU_4,216.82410299999992
RSU_5,222.8811050000004
