rsu,time
RSU_2,228.825356
RSU_3,219.13734999999997
RSU_1,214.18664
RSU_0,215.110452
RSU_4,213.02244899999994
RSU_5,213.380811
