rsu,time
RSU_2,218.41682900000023
RSU_3,214.41494699999976
RSU_1,215.23659100000032
RSU_0,210.4890730000002
RSU_4,215.83893099999977
RSU_5,216.26695900000004
